year,n,rms_dra_deg,rms_ddec_deg,rms_sep_deg
2000,1552,2.5580517359565693,3.8356958471560443,4.574884665072611
2001,2920,2.6148172629562256,3.9216062766074304,4.66483240424104
2002,2920,2.729710281681096,3.7451437989937584,4.571372125241549
2003,2920,2.5536507541045688,3.391683188745977,4.191035862729733
2004,2928,2.1425607702139193,3.13719557462679,3.7585916140450073
2005,2920,2.0702857650984483,3.0985610151438063,3.6685923660096407
2006,2920,2.152852245004179,3.2730538618264555,3.8424998442440628
2007,2920,2.071444844222619,3.44591580631917,3.961190851618713
2008,2928,1.7745481818783584,3.4245060225273454,3.8254653667366094
2009,2920,1.8468001994627603,3.1255239908006596,3.5922749209655187
2010,2920,1.9753333952847518,3.0058361187494858,3.539765372537432
2011,2920,2.0206196339119726,3.2369611281949444,3.7651883532593464
2012,2928,1.8720597237362335,3.6639676449404983,4.086504025565232
2013,2920,1.878305153740639,3.9487345575986335,4.349856730387793
2014,2920,1.948964894415066,4.031355760447887,4.445092594379424
2015,2920,2.0459337118095693,3.889142043299776,4.354233725896425
2016,2928,2.1566105581944197,3.7000353197326774,4.247179371771237
2017,2920,2.2048588313031905,3.723849640537622,4.300835140260729
2018,2920,2.4516386841896316,3.867631518999016,4.546043824629792
2019,2920,2.623391658249812,3.9689364167788925,4.706629645502049
2020,2928,2.735151204871398,3.802492558139524,4.626624510300297
2021,2920,2.4911829754773294,3.492420321543789,4.245078783817601
2022,2920,2.3059644957650187,3.1586542066062053,3.868530146073104
2023,2920,2.195439403309554,3.147163851209755,3.7722391788649032
2024,2928,2.235228355440603,3.305492485044618,3.9145896085111307
2025,2920,2.0454464735021776,3.4728201528787284,3.97734567254881
2026,1369,1.7961055746536916,3.4553779777347158,3.861650355383579
