rank,period_days,amplitude_deg,frequency_cycles_per_day
1,365.2355769230769,0.14254392369839802,0.0027379589042899077
2,351.7083333333333,0.07741974617335466,0.0028432650159933657
3,379.845,0.07686788336840175,0.0026326527925864497
4,182.61778846153845,0.017476037052480395,0.005475917808579815
5,395.671875,0.01232116980937073,0.0025273466808829917
6,186.1985294117647,0.009699299894502422,0.005370611696876358
7,179.17216981132074,0.0076154652880182335,0.005581223920283274
8,339.14732142857144,0.002314856816404592,0.0029485711276968237
9,412.875,0.00206438729348956,0.0024220405691795337
10,327.45258620689657,0.0009705068648599753,0.0030538772394002817
11,431.6420454545455,0.0007488785712295108,0.0023167344574760757
12,316.5375,0.00039203939641242047,0.0031591833511037397
13,452.1964285714286,0.00031975258672819616,0.0022114283457726177
14,121.7451923076923,0.00029424626130726854,0.008213876712869723
15,175.85416666666666,0.0002600960905268994,0.005686530031986731
16,123.3262987012987,0.00022245069237254275,0.008108570601166265
17,306.3266129032258,0.00021045684818358983,0.0032644894628071977
18,474.80625000000003,0.00020288494782052952,0.0021061222340691597
19,189.9225,0.00016534307454150758,0.005265305585172899
20,296.75390625,0.0001288632522050151,0.0033697955745106557
